[
  {
    "name": "Sapling",
    "colour": "GREEN",
    "weights": [
      50,
      50,
      50,
      5,
      0
    ],
    "groups": []
  },
  {
    "name": "Plain",
    "colour": "GRAY",
    "weights": [
      50,
      50,
      50,
      30,
      10
    ],
    "groups": []
  },
  {
    "name": "Common",
    "colour": "GREEN",
    "weights": [
      20,
      30,
      40,
      30,
      20
    ],
    "groups": []
  },
  {
    "name": "Uncommon",
    "colour": "BLUE",
    "weights": [
      5,
      10,
      15,
      20,
      25
    ],
    "groups": []
  },
  {
    "name": "Rare",
    "colour": "ORANGE",
    "weights": [
      3,
      6,
      12,
      18,
      21
    ],
    "groups": []
  },
  {
    "name": "Unique",
    "colour": "PURPLE",
    "weights": [
      1,
      2,
      3,
      4,
      30
    ],
    "groups": []
  }
]