[
    {
      "dimension": "minecraft:overworld",
      "structure": "igloo",
      "mobs": [
        {
          "mob": "savageandravage:iceologer",
          "weight": 5,
          "groupcountmin": 1,
          "groupcountmax": 1
        }
      ]
    },
    {
      "dimension": "minecraft:overworld",
      "structure": "village",
      "mobs": [
        {
          "mob": "dannys_expansion:ice_elemental",
          "weight": 10,
          "groupcountmin": 1,
          "groupcountmax": 2
        }
      ]
    },
    {
      "dimension": "minecraft:overworld",
      "incity": true,
      "instreet": true,
      "mobs": [
        {
          "mob": "dannys_expansion:ice_elemental",
          "weight": 10,
          "groupcountmin": 1,
          "groupcountmax": 2
        }
      ]
    }
]