[
    {
      "mob": "snowpig:snow_pig",
      "persecond": 0.05,
      "attempts": 1,
      "amount": {
        "minimum": 1,
        "maximum": 1
      },
      "conditions": {
        "dimension": "minecraft:overworld",
        "mindist": 24,
        "maxdist": 120,
        "minheight": 60,
        "maxthis": 5,
        "maxheight": 256
      }
    },
    {
      "mob": "frozenup:chilloo",
      "persecond": 0.02,
      "attempts": 5,
      "amount": {
        "minimum": 1,
        "maximum": 5
      },
      "conditions": {
        "dimension": "minecraft:overworld",
        "mindist": 24,
        "maxdist": 120,
        "minlight": 3,
        "minheight": 60,
        "maxheight": 256,
        "maxthis": 20
      }
    },
    {
      "mob": "upgrade_aquatic:thrasher",
      "persecond": 0.1,
      "attempts": 1,
      "amount": {
        "minimum": 1,
        "maximum": 2
      },
      "conditions": {
        "dimension": "minecraft:overworld",
        "biometype": "OCEAN",
        "inwater": true,
        "mindist": 24,
        "maxdist": 120,
        "minheight": 1,
        "maxheight": 45,
        "maxthis": 10
      }
    },
    {
        "mob": "upgrade_aquatic:great_thrasher",
        "persecond": 0.01,
        "attempts": 1,
        "amount": {
          "minimum": 1,
          "maximum": 1
        },
        "conditions": {
          "dimension": "minecraft:overworld",
          "biometype": "OCEAN",
          "inwater": true,
          "mindist": 24,
          "maxdist": 120,
          "minheight": 1,
          "maxheight": 45,
          "maxthis": 2
        }
    },
    {
        "mob": "dannys_expansion:ice_elemental",
        "persecond": 0.15,
        "attempts": 10,
        "amount": {
          "minimum": 1,
          "maximum": 1
        },
        "conditions": {
          "dimension": "minecraft:the_end",
          "mindist": 24,
          "maxdist": 120,
          "maxthis": 20
        }
    },
    {
      "mob": "dannys_expansion:ice_elemental",
      "persecond": 0.025,
      "attempts": 3,
      "amount": {
        "minimum": 1,
        "maximum": 1
      },
      "conditions": {
        "dimension": "minecraft:overworld",
        "inair": true,
        "mindist": 40,
        "maxdist": 120,
        "minheight": 60,
        "maxheight": 256
      }
    },
    {
      "mob": "dannys_expansion:ice_elemental",
      "persecond": 0.025,
      "attempts": 10,
      "amount": {
        "minimum": 1,
        "maximum": 1
      },
      "conditions": {
        "dimension": "minecraft:overworld",
        "inair": true,
        "mindist": 24,
        "maxdist": 120,
        "minheight": 128,
        "maxheight": 256
      }
    },
    {
      "mob": "minecraft:stray",
      "persecond": 0.5,
      "attempts": 2,
      "amount": {
        "minimum": 1,
        "maximum": 3
      },
      "conditions": {
        "dimension": "minecraft:overworld",
        "mindist": 24,
        "maxdist": 120,
        "minheight": 60,
        "maxheight": 256,
        "maxlight":7,
        "maxlocal": 70
      }
    },
    {
      "mob": "betterdefaultbiomes:frozen_zombie",
      "persecond": 0.5,
      "attempts": 3,
      "amount": {
        "minimum": 1,
        "maximum": 4
      },
      "conditions": {
        "dimension": "minecraft:overworld",
        "mindist": 24,
        "maxdist": 120,
        "minheight": 60,
        "maxheight": 256,
        "maxlight":7,
        "maxlocal": 70
      }
    },
    {
      "mob": "eidolon:wraith",
      "persecond": 0.5,
      "attempts": 2,
      "amount": {
        "minimum": 1,
        "maximum": 2
      },
      "conditions": {
        "dimension": "minecraft:overworld",
        "mindist": 24,
        "maxdist": 120,
        "minheight": 60,
        "maxheight": 256,
        "maxlight":7,
        "maxlocal": 70
      }
    },
    {
      "mob": "infernalexp:voline",
      "persecond": 1,
      "attempts": 20,
      "amount": {
        "minimum": 1,
        "maximum": 3
      },
      "conditions": {
        "mindist": 8,
        "maxdist": 24,
        "maxthis": 20
      }
    }
]
  