{
    "cities": {
        "cityChance": 0.0001,
        "cityLevel3Height": 99,
        "cityBiomeFactorDefault": 1.0,
        "cityThreshold": 0.2,
        "cityLevel0Height": 75,
        "cityMinRadius": 50,
        "cityLevel2Height": 91,
        "cityAvoidVoid": true,
        "cityBiomeFactors": [
          "river=0",
          "frozen_river=0",
          "ocean=.7",
          "frozen_ocean=.7",
          "deep_ocean=.4"
        ],
        "cityLevel1Height": 83,
        "cityMaxRadius": 128
    },
    "structures": {
        "generateRavines": true,
        "generateMansions": true,
        "preventVillagesInCities": true,
        "generateStrongholds": true,
        "maxCaveHeight": 128,
        "generateDungeons": true,
        "generateOceanMonuments": true,
        "generateLakes": true,
        "generateCaves": true,
        "generateVillages": true,
        "generateMineshafts": true,
        "preventLakesRavinesInCities": false,
        "generateScattered": true
    },
    "client": {
        "horizon": -1.0,
        "fogDensity": -1.0,
        "fogBlue": -1.0,
        "fogRed": -1.0,
        "fogGreen": -1.0
    },
    "explosions": {
        "explosionMinHeight": 75,
        "miniExplosionChance": 0.1,
        "destroySmallSectionsSize": 50,
        "destroyLoneBlocksFactor": 0.05,
        "explosionMaxHeight": 90,
        "explosionsInCitiesOnly": true,
        "explosionMaxRadius": 35,
        "explosionMinRadius": 15,
        "miniExplosionMaxHeight": 100,
        "miniExplosionMaxRadius": 12,
        "debrisToNearbyChunkFactor": 200,
        "destroyOrMoveChance": 0.4,
        "explosionChance": 0.03,
        "miniExplosionMinRadius": 5,
        "miniExplosionMinHeight": 60
    },
    "lostcity": {
        "highwaySupports": true,
        "ruinChance": 0.75,
        "groundLevel": 71,
        "railwayStationsEnabled": false,
        "buildingChance": 0.5,
        "railwaysCanEnd": true,
        "buildingMaxFloorsChance": 6,
        "bedrockLayer": 1,
        "liquidBlock": "minecraft:water",
        "rubbleLayer": true,
        "buildingMinFloors": 0,
        "seaLevel": -1,
        "rubbleDirtScale": 3.0,
        "fountainChance": 0.05,
        "dataCenterChance": 0.1,
        "highwaySecondaryPerlinScale": 10.0,
        "spawnNotInBuilding": false,
        "bridgeSupports": true,
        "worldStyle": "standard",
        "buildingMaxFloors": 8,
        "avoidFoliage": false,
        "avoidGeneratedTrees": false,
        "buildingMinCellars": 0,
        "buildingFrontChance": 0.2,
        "baseBlock": "minecraft:stone_brick",
        "ruinMaxlevelPercent": 1.0,
        "avoidGeneratedCactii": false,
        "avoidGeneratedFossils": false,
        "spawnBiome": "",
        "avoidWater": false,
        "building2x2Chance": 0.03,
        "railwaysEnabled": false,
        "highwayRequiresTwoCities": false,
        "avoidGeneratedGrass": false,
        "spawnCity": "",
        "avoidGeneratedMushrooms": false,
        "avoidGeneratedReeds": false,
        "randomLeafBlockChance": 0.1,
        "rubbleLeaveScale": 6.0,
        "vineChance": 0.0,
        "avoidGeneratedLakewater": false,
        "highwayLevelFromCities": 0,
        "highwayPerlinFactor": 2.0,
        "bridgeChance": 0.7,
        "ruinMinlevelPercent": 0.8,
        "buildingDoorwayChance": 0.6,
        "icon": "textures/gui/icon_rarecities.png",
        "description": "Cities are extremely rare among the frigid wastelands.",
        "spawnSphere": "",
        "avoidGeneratedFlowers": false,
        "allowedBiomeFactors": [],
        "manualBiomeMappings": [],
        "terrainFixUpperMinOffset": -1,
        "highwayDistanceMask": 7,
        "avoidGeneratedLilypads": false,
        "terrainFixUpperMaxOffset": 1,
        "generateLoot": true,
        "terrainFixLowerMaxOffset": -3,
        "biomeSelectionStrategy": "original",
        "chestWithoutLootChance": 0.2,
        "terrainFixLowerMinOffset": -4,
        "avoidGeneratedPumpkins": false,
        "extraDescription": "",
        "avoidGeneratedDesertWell": false,
        "landscapeType": "default",
        "generateLighting": false,
        "libraryChance": 0.1,
        "generateSpawners": true,
        "buildingMinFloorsChance": 4,
        "buildingWithoutLootChance": 0.2,
        "railwayDungeonChance": 0.01,
        "generateNether": false,
        "parkChance": 0.2,
        "corridorChance": 0.7,
        "randomLeafBlockThickness": 2,
        "buildingMaxCellars": 3,
        "highwayMainPerlinScale": 50.0
    }
}